idiom,class,target
حدائق الشيطان,0,1
جلد الذات,0,1
نبض الشارع,0,1
أوراق الضغط,0,1
أجندة العمل,0,1
عاصفة الصحراء,0,1
نقطة نظام,0,1
نسيج المجتمع,0,1
إغراق المجتمع,0,1
تعبئة الشعب,0,1
دفتر الأحوال,0,1
سقوط الأقنعة,0,1
آليات السوق,0,1
عجز السيولة,0,1
سحب السيولة,0,1
ضخ الأموال,0,1
برمجة الأدمغة,0,1
برمجة الوجدان,0,1
تدوير القمامة,0,1
بلاط السلطة,0,1
التصفية الجسدية,1,1
البنية التحتية,1,1
التطهير العرقي,1,1
المطبخ السياسي,1,1
التغطية الصحفية,1,1
القبضة الحديدية,1,1
الدولاب الحكومي,1,1
روح رياضية,1,1
الخطوط العريضة,1,1
الدار البيضاء,1,1
الجيش الأحمر,1,1
السوق الحرة,1,1
السوق السوداء,1,1
المنطقة الحرة,1,1
يعطي الضوء الأخضر,2,1
يرفع الراية البيضاء,2,1
جر إلى الحلبة,2,1
يدفن الرؤوس في الرمال,2,1
يركب الموجة,2,1
يركب الطبقة الأرستقراطية,2,1
كل واشكر,2,1
على كف عفريت,3,1
بعد خراب مالطة,3,1
على الهواء,3,1
اللعب في الوقت الضائع,4,1
الملعب على المكشوف,4,1
اللعب بالنار,4,1
عمال على بطال,4,1
الخروج من عنق الزجاجة,4,1
الكارت الأحمر,1,1
الكارت الأصفر,1,1
عناقيد الغضب,0,1
خيط التضامن,0,1
زرع الألغام,0,1
تمزيق الهوية,0,1
اختناقات المرور,0,1
غسل الأموال,0,1
اختراق الضمائر,0,1
ضخ الأموال,0,1
تبخر الأحلام,0,1
برمجة الوجدان,0,1
أم الدنيا,0,1
الطابور الخامس,1,1
النصف الحلو,1,1
ثورة بيضاء,1,1
حمام الدم,0,1
اندلاع الانتفاضة,0,1
تجميد الأرصدة,0,1
خادم الحرمين,0,1
نظافة العقل,0,1
نظافة اليد,0,1
تمشيط المكان,0,1
فيروسات الإنترنت,0,1
بوتيكات العمالة,0,1
خلو الرجل,0,1
الصحف الصفراء,1,1
الذراع الطويلة,1,1
التصفية الجسدية,1,1
الانفجار السكاني,1,1
التطهير العرقي,1,1
الخطوط الحمراء,1,1
الخط الساخن,1,1
الضوء الأخضر,1,1
الصندوق الأسود,1,1
البيت الأبيض,1,1
الكوميديا السوداء,1,1
الذئبة الحمراء,1,1
ضربة شمس,1,1
القمر الصناعي,1,1
الذكاء الاصطناعي,1,1
قلعة العروبة,0,1
غصن الزيتون,0,1
رأس الأفعى,0,1
ربط الأحزمة,0,1
وضع اليد,0,1
ساعة الصفر,0,1
خرق الأجواء,0,1
خلط الأوراق,0,1
غسل المخ,0,1
ضربة عسكرية,1,1
اختناقات سلعة,1,1
القطط السمان,1,1
الكرة في الملعب,4,1
النّزيف العقلي,1,1
النّزيف العلمي,1,1
ارتياح الشارع,0,1
غضبة الشارع,0,1
الانفتاح الاقتصادي,1,1
إبرار جوي,1,1
طلعة جوية,1,1
اليوبيل الفضي,1,1
تحريك المياه الراكدة,0,1
اختراق حاجز الصوت,0,1
زكاة الفطر,0,1
زكاة المال,0,1
حدائق البلدان,0,0
جلد الظهر,0,0
نبض القلب,0,0
أوراق الكتب,0,0
أجندة الفلك,0,1
عاصفة الهواء,0,0
نقطة إيمان,0,1
أفراد المجتمع,0,0
إفساد المجتمع,0,0
تعبئة المنتجات,0,0
دفتر المعاجم,0,0
سقوط الأجسام,0,0
آليات العمل,0,1
عجز السيولة,0,0
سحب السيولة,0,0
ضخ الأموال,0,0
برمجة الأدمغة,0,0
برمجة الوجدان,0,0
تدوير السيارة,0,0
بلاط السلطة,0,0
التصفية المالية,1,0
البنية الفوقية,1,1
التطهير العرقي,1,0
المطبخ المنزلي,1,0
التغطية الجسدية,1,0
القبضة الدموية,1,1
المسول الحكومي,1,0
روح بشرية,1,0
الخطوط الملموسة,1,0
الدار الحمراء,1,0
الجيش الدولى,1,0
السوق التجارية,1,0
السوق المالية,1,0
المنطقة الواسعة,1,0
يعطي الكتاب الأخضر,2,0
يرفع الراية,2,0
جر إلى,2,0
يدفن الرؤوس في,2,0
يركب السيارة,2,0
يركب العجلة الأرستقراطية,2,0
كل شاكر,2,0
كف عفريت,3,0
خراب مالطة,3,0
الهواء,3,0
في الوقت الضائع,4,0
على المكشوف,4,0
بالنار,4,0
على بطال,4,0
من عنق الزجاجة,4,0
الكارت الأبيض,1,0
الكارت الأزرق,1,0
عناقيد العنب,0,0
خيط الملابس,0,0
زرع البذور,0,0
تمزيق الكتب,0,0
اختناقات الحيوات,0,0
غسل الملابس,0,0
اختراق الصف,0,0
ضخ الدم,0,0
تبخر الماء,0,0
برمجة الحاسوب,0,0
أم محمد,0,0
الطابور الرابع,1,0
النصف الآخر,1,0
ثورة بيضاء,1,0
حمام المنزل,0,0
اندلاع النيران,0,0
تجميد السوائل,0,0
خادم الشخصين,0,0
نظافة القلب,0,0
نظافة القدم,0,0
تمشيط الشعر,0,0
فيروسات البيولوجيا,0,0
بوتيكات الفنادق,0,0
خلو المكان,0,0
الصحف البرتقالية,1,0
الذراع القصيرة,1,0
التصفية المالية,1,0
الانفجار البركاني,1,0
التطهير الطبيعى,1,0
الخطوط المكتوبة,1,0
الخط المكتوب,1,0
الضوء الأزرق,1,0
الصندوق الأحمر,1,0
البيت الأسود,1,0
الكوميديا السعيدة,1,0
الذئبة الحمراء,1,1
ضربة يد,1,0
القمر الجميل,1,0
الذكاء الاعتيادى,1,0
قلعة الملك,0,0
غصن الشجرة,0,0
رأس الأفعى,0,0
ربط الأربطة,0,0
وضع المكانة,0,0
ساعة اليد,0,0
خرق الصف,0,0
خلط المكونات,0,0
غسل اليد,0,0
ضربة واحدة,1,0
اختناقات حيوات,1,0
القطط الحية,1,0
الكرة في الملعب,4,0
النّزيف الدموي,1,0
النّزيف السائلي,1,0
ارتياح الفرد,0,0
غضبة الفرد,0,0
الانفتاح الزهرى,1,0
إبرار سماوي,1,1
طلعة عالية,1,0
الزجاج الفضي,1,0
تحريك الكتب,0,0
اختراق حاجز الصوت,0,1
زكاة الحياة,0,0
زكاة الفنون,0,0