التعبير الاصطلاحي,المعنى ,مثال,الترجمة,
أبا عن جد,الملكية,ورث هذه الدار أبا عن جد,ورث هذه الدار عن أجداده,
,الأصالة,أنت مصري أبا عن جد,أنت مصري أصلي,
ابتسامة صفراء,الخبث والخداع,استقبلني بابتسامة صفراء فأدركتُ ما يُضمر لي من مكرٍ وخديعة,استقبلني بابتسامة مزيفة فأدركتُ ما يُضمر لي من مكر وخديعة,
ابتسم له الحظ,أصبح في حال أفضل,ابتسم له الحظ فتحوّل من عاملٍ مغمور إلى مليونير شهير,,كان محظوظا ابتسم له الحظ فتحوّل من عاملٍ مغمور إلى مليونير شهير
إبرام العقود,الاتفاق والمعاهدة,تم إبرام الكثير من الاتفاقات الاقتصادية والسياسية ,,تم عَقْد الكثير من الاتفاقات الاقتصادية والسياسية 
أبغض الحلال,مشروع لكنه مكروه,الطلاق أبغض الحلال ,الطلاق مشروع لكنه مكروه ,
أبلى بلاءً حسنا,كان أداؤه جيدا,أبلى بلاءً حسنا في الاختبار,كان أداؤه جيدا في الاختبار,
ابن الأصول,حسن الأخلاق,ابن الأصول يحبه الناس,الخلوق يحبه الناس,
ابن السبيل,المسافر,ابن السبيل يستحق الصدقة,المسافر يستحق الصدقة,
ابن حلال,طيب الخلق,هذا الفتى ابن حلال,هذا الفتى طيِّب الخلق,
ابن سوق,المتمرس في التجارة,نريد المشورة من اين سوق,نريد المشورة من متمرس بالتجارة,
ابن عز,من عائلة ثرية,هذا المهندس ابن عز لا يتحمّل الشدائد,هذا المهندس من عائلة ثرية لا يتحمّل الشدائد,
اتّسع الخَرْق على الراتق,أصبح الأمر معقدا أو صعبا,لا يمكنني حل الأمر الآن فقد اتسع الخرق على الراتق,لا يمكنني حل الأمر الآن فقد أصبح الأمر معقدا/ صعبا,
أثار ضجة,تسبب في نقاشات كثيرة من مختلف الآراء,قانون الصحافة الجديد أثار ضجة,قانون الصحافة تسبب في مناقشات كثيرة بين آراء مختلفة,
أثقل كاهله,حمّله فوق طاقته,أصبح الموظف قليل الإنتاجية فقد أثقلت كاهله المهام,أصبح الموظف قليل الإنتاجية فقد تحمّل فوق طاقته من المهام,
أثمر ثماره,ظهرت نتائجه,التنمية الصناعية أثمرت ثمارها في اليابان والصين,التنمية الصناعية ظهرت نتائجها في اليابان والصين,
أجمع على,الاتفاق التام,أجمع الأطباء على إجراء العملية,اتفق الأطباء جميعهم على إجراء العملية,
إجهاض,إفشال,الخلافات بين الطرفين تهدد بإجهاض المفاوضات,الخلافات بين الطرفين تهدد بإفشال المفاوضات,
أجواء ودية,حالة من الود,دارت النقاش بين الطرفين في أجواء ودية,دارت النقاش بين الطرفين في حالة من الود,
أحاط بـ,عَلِمَ بـ,أحاط جهاز الأمن بخطط المجرمين فأحبطها,عَلِم جهاز الأمن بخطط المجرمين فأحبطها,
احتضان,رعاية,تعمل الأندية الأدبية على احتضان المواهب الشابة ,تعمل الأندية الأدبية على رعاية المواهب الشابة,
أحكم قبضته على,سيطر على ,أحكمت الشرطة قبضتها على الفوضى,سيطرت  الشرطة على الفوضى,
اختراق التنظيم,اكتشاف أفراده ومخططاتهم,تواصل الجهات الأمنية اختراق التنظيمات الإرهابية,تواصل الجهات الأمنية اكتشاف أفراد التنظيمات الإرهابية وكشف مخططاتهم,
اختلط الحابل بالنابل,التشويش وعدم القدرة على التمييز والإدراك الصحيح,اختلط الحابل بالنابل ولم نعد نتبيّن الصواب من الخطأ,القضية غير واضحة ولم نعد نتبيّن الصواب من الخطأ,
اختمرت الفكرة في ذهنه,فكّر فيها جيدا ,اختمرت الفكرة في ذهنه ثم سافر,فكرا جيدا ثم سافر ,
اختناقات مرورية,صعوبة في حركة المرور,تعاني المدينة من اختناقات مرورية,تعاني المدينة من صعوبة في حركة المرور,
أخذ بيده,ساعده ووجهه,أخذ المعلم بيد الطالب في مادة الرياضيات ,ساعد المعلم الطالب في مادة الرياضيات,
أخذَ في الاعتبار,اهتمّ بـ,أخذت الدولة في اعتبارها بتنمية الاقتصاد ,اهتمت الدولة بتنمية الاقتصاد ,
أخذه على غُرة,فاجأه بشيء سلبي,أخذنا العدو على غُرة فانتصرنا,فاجأنا العدو على غُرة فانتصرنا,
آخر العنقود,أصغر شخص في الأسرة,محمد آخر العنقود,محمد أصغر شخص في الأسرة,
أدارَ ظهرَه,تجاهلَ,أدار الشبابُ ظهرَه للقيم الأصيلة,تجاهل الشباب القيم الأصيلة,
أدلى بدلوه,عبّر عن رأيه,أدلى الموظف بدلوه في الاجتماع,عبّر الموظف عن رأيه في الاجتماع,
ارتعدت فرائصه,خاف خوفا شديدا,هجمنا بعدد كبير فارتعدت فرائص جيش العدو وهربوا,هجمنا بعدد كبير فخاف جيش العدو خوفا شديدا وهربوا,
أرعى وأزبد,تحدث في حالة غضب شديد,أرغى المدير وأزبد في اجتماع اليوم,تحدث المدير بغضب شديد في اجتماع اليوم,
أزاح الستار عن,كشف عن,أزاح المديرُ الستارَ عن المشروع الجديد,كشف المديرُ عن المشروع الجديد,
أُسُّ البلاء,سبب البلاء,جشع التجار أُسُّ غلاء المعيشة,جشع التجار سبب غلاء المعيشة ,
استأنف نشاطه,عاد إلى نشاطه بعد توقف,استأنف الفندقُ نشاطه,عاد الفندق إلى نشاطه بعد توقف ,
استفحلَ,كثُرَ واشتدَّ,استفحل خطر الإرهاب,اشتدّ خطر الإرهاب,
أسدل الستار على ,أنهى الأمر,تقرير الهيئة أسدل الستار على القضية التي شغلت الناس,تقرير الهيئة أنهى القضية التي شغلت الناس,
أسطوانة مشروخة,كلام مكرر لا فائدة منه,الحديث في القضية أسطوانة مشروخة,الحديث في القضية مكرر لا فائدة منه,
أسلم الروح إلى بارئها,مات,أسلم الأب روحه إلى بارئها,مات الأب,
أسمعُ جعجعةً ولا أرى طحينا,الكلام بدون عمل,يتناقش الموظفون في الإنتاجية، وكالعادة نسمع جعجعة ولا نرى طحينا,يتناقش الموظفون في الإنتاجية، وكالعادة كلام بدون عمل,
إصلاح ذات البين,إصلاح بين المتخاصمين ,سعى نفرٌ من أصدقاء الطرفين إلى إصلاح ذات البين,سعى نفرٌ من أصدقاء الطرفين إلى الإصلاح بينهم,
أصول,أسس,لكل فن أصول يقوم عليها,لكل فن أسس يقوم عليها,
إضاءة,إيضاح,هذا المقال إضاءة حول مفهوم الكساد الاقتصادي,هذا المقال إيضاح لمفهوم الكساد الاقتصادي.,
أضعف الإيمان,أقل ما ينبغي عمله,هذا الحل أضعف الإيمان,هذا الحل أقل ما ينبغي عمله,
أضغاث أحلام,أوهام,كانت أضغاث أحلام,كانت أوهاما,
أطراف المعمورة,أنحاء الكرة الأرضية,من كل أطراف المعمورة,من كل أنحاء الكرة الأرضية,
أطفأ ظمأه,نالَ كفايتَه,أطفأ ظمأه إلى العلم,نال كفايته من العلم,
أطلت الفتنة برأسها,بدأت تظهر,أطلت الفتنة برأسها في المنطقة العربية,ظهرت الفتنة برأسها في المنطقة العربية,
أطلق الألسنة,جعل الناس يتكلمون بدون ضوابط في شأن معين,إخفاء المعلومات أطلق الألسنة في كل اتجاه,إخفاء المعلومات جعل الناس يتكلمون بدون ضوابط في كل اتجاه,
أطلق له العنان,تركه يتصرّف كيف يشاء,كلّف المديرُ الموظفَ بالمهمة وأطلق له العنان,كلّف المديرُ الموظفَ بالمهمة وتركه يتصرف كما يشاء,
أطلق يدَه في,تصرّف بحرية في,أطلق يدَه في المال,تصرّف بحرية في المال,
إعادة الأمور إلى نصابها,إعادة الأمور إلى ماكانت عليه من خير وصلاح,نحتاج إلى قائد كُفؤ لإعادة الأمور إلى نصابها,نحتاج إلى قائد كُفؤ لإعادة الأمور إلى ماكانت عليه من خير واستقامة,
إعادة النظر في,التفكير والبحث مرةً أخرى,طلبت اللجنة من الباحث إعادة النظر في النتائج التي توصّل إليها,طلبت اللجنة من الباحث إعادة التفكير في النتائج التي توصّل إليها,
أعطِ القوسَ باريها,إسناد الأمر إلى الخبير فيه,التميز في القيادة أن تُعطِ القوسَ باريها,التميز في القيادة أن تسند الأمر إلى الخبير فيه,
أعطى الضوء الأخضر,سمح وأذن له,أعطيتُك الضوءَ الأخضر للبدء في المشروع,أذنتُ لك بالبدء في المشروع,
اعقلها وتوكّل,خذ بالأسباب وأبدأ العمل,فكرة رائعة، اعقلها وتوكّل!,فكرة رائعة، خذ بالأسباب وابدأ العمل,
اغرب عن وجهي,ابتعد من هنا، لا أريد أن أراك!,صاح البائع: اغرب عن وجهي!,صاح البائع: ابتعد من أمامي، لا أريد أن أراك!,
أغرق السلع,انتشر وكثر في الأسواق,الصين أغرقت الأسواق بمنتجاتها,الصين نشرت منتجاتها في الأسواق,
أغمض عينيه عن,تجاهلَ,أغمض المديرُ عينيه عن خطأ الموظف,تجاهلَ المديرُ خطأَ الموظف,
أقلّ مضجعه,أقلقه,الموقف الأخير أقلّ مضجعه,الموقف الأخير أقلقه,
أقعده عن,منعه,أصابه مرض أقعده عن العمل,أصابه مرض منعه عن العمل,
الأيام الخوالي,الزمن الماضي,كان هذا في الأيام الخوالي,كان هذا في الزمن الماضي,
الباب الخلفي,طريقة غير مباشرة,حصل على المال من الباب الخلفي,حصل على المال بطريقة غير مباشرة,
البرج العاجي,الابتعاد عن الحياة الواقعية,يتحدث من برج عاجي,يتحدث وهو مبتعد عن الحياة الواقعية,
البساط أحمدي,بدون تكلف,سنقيم حفلة صغيرة والبساط أحمدي,سنقيم حفلة صغيرة بدون تكلف,
البكاء على اللبن المسكوب,الندم بعد فوات الأوان,يبكي على اللبن المسكوب,ندم بعد فوات الأوان,
التزام الصمت,عدم الفعل وإبداء الرأي,التزم الصمت,صمت ولم يعمل شيئا,
التعتيم,إخفاء المعلومات,قام الإعلام بتعتيم الخبر,قام الإعلام بإخفاء المعلومات عن الخبر,
التفّ حوله,أيّده,طرح المرشح رأيه والتفّ حوله الناس,طرح المرشح رأيه وأيّده الناس,
التقط أنفاسه,هدأ وارتاح,جلس الأبُ والتقط أنفاسه,جلس الأبُ وهدأ,
السواد الأعظم,الأغلبية,السواد الأعظم من الناس موافقون,الأغلبية من الناس موافقون,
الشرارة الأولى,بداية الحدث,وهذا اللقاء كان الشرارة الأولى للتعاون,وهذا اللقاء كان بداية التعاون,
العمود الفقري,الأساس,الهيكل الإداري هو العمود الفقري للمؤسسة,الهيكل الإداري هو الأساس للمؤسسة,
العنتريات,ادعاء الشجاعة,هذا الرجل معروف بعنترياته,هذا الرجل يدعي الشجاعة,
ألقى حصى في المياه الراكدة,أثار القضية,تكلمَّ وألقى الحصى في المياه الراكدة,تكلمَّ وأثار القضية,
المفتاح السحري,الحل السهل للمشكلات الصعبة,العمولة هي المفتاح السحري لمشكلة انخفاض المبيعات,العمولة هي الحل السهل لمشكلة انخفاض المبيعات,
الورقة الرابحة,الوسيلة الناجحة,المثابرة هي الورقة الرابحة في أي مشروع,المثابرة هي الوسيلة الناجحة في أي مشروع,
إمَّعة,ليس له شخصية مستقلة/ التابع,لا نقبل الإمعة في فريقنا,لا نقبل بالتابع الذي ليس له شخصية مستقلة في فريقنا,
أمعنَ النظر,نظرَ نظرةً فاحصة,وقف أمام اللوحة وأمعن النظر,وقف أمام اللوحة ونَظرَ نظرةً فاحصة,
أنفه في السماء,التكبر,يتكلّم وأنفه في السماء,يتكلّم بتكبّر,
انقبضَ قلبه,خافَ,سمع الخبر وانقبض قلبه,سمع الخبر وخاف,
انكشف المستور,انكشفت الحقائق,انتهى التحقيق وانكشف المستور,انتهى التحقيق وانكشفت الحقائق,
أهل للثقة,يستحق الثقة,هذا الموظف أهل للثقة,هذا الموظف يستحق الثقة,
أوقفه عند حده,منعه من التمادي في الخطأ,تصرّف الرجل وأوقفه عنده حده,تصرّف الرجل ومنعه من التمادي في الخطأ,
بادئ ذي بدء,في البداية,بادئ ذي بدء أريد أن أشكر,في البداية أريد أن أشكر,
باع طويل,خبرة طويلة,نحتاج إلى قائد له باع طويل في المجال,نحتاج إلى قائد له خبرة طويلة ي المجال,
بالحرف الواحد,نقلَ كلامه كما قاله دون زيادة ولا نقص,نقل كلامه بالحرف الواحد,نقلَ كلامه كما قاله دون زيادة ولا نقص,
بالعربي الفصيح,بوضوح وصراحة,قلت لك بالعربي الفصيح أني لا أريد,قلت لك بوضوح وصراحة أني لا أريد,
كالببغاء,يردد الكلام دون فَهم,لا تحفظ دروسك كالببغاء,لا تحفظ دروسك تردد الكلام دون فَهم,
بُحّ صوتي,قلتُ كثيرا,بُحّ صوتي وأنا أقول لك لا تفعل,قلت لك كثيرا لا تفعل,
بحذافيره,بجميع أجزائه وتفاصيله,أخبرني عمّا جرى بحذافيره,أخبرني عمّا جرى بجميع أجزائه وتفاصيله,
بذل قصارى جهده,قدّم كل ما يستطيع,بذل قصارى جهده لإنجاح المشروع,قدّم كل ما يستطيع لإنجاح المشروع,
بِصيص أمل,أمل ضعيف,لا يزال هناك بصيص أمل,لا يزال هناك أمل ضعيف,
بعيد المنال,صعب التحقق,هذا الهدف صعب المنال,هذا الهدف صعب التحقق,